Country name,Year,Pillar 1 Score,Pillar 2 Score,Pillar 3 Score,Total Index Average,Overall Rank,Overall Rank Rolling Avg (3y),Total Index Normalized,Pillar 1 Normalized,Pillar 1 Rank,Pillar 2 Normalized,Pillar 2 Rank,Pillar 3 Normalized,Pillar 3 Rank,Yes Votes,No Votes,Abstain Votes,Total Votes in Year,yes_pct,no_pct,abstain_pct,region,broad_region
STP,2025,100.0,88.9129296388303,90.667694815349,93.19354148472644,53,134.0,93.19354148472644,100.0,1.0,88.9129296388303,176.0,90.667694815349,136,10,0,2,12,83.3,0.0,16.7,Middle Africa,Sub-Saharan Africa
MMR,2025,98.46841381694952,97.34330862304674,99.1895158393842,98.33374609312682,1,47.666666666666664,98.33374609312682,98.46841381694952,2.0,97.34330862304674,116.0,99.1895158393842,18,185,0,3,188,98.4,0.0,1.6,South-eastern Asia,South-eastern Asia
PER,2025,97.48208702723292,97.68357142464896,98.10891540132758,97.75819128440315,5,6.666666666666667,97.75819128440315,97.48208702723292,3.0,97.68357142464896,105.0,98.10891540132758,49,183,0,7,190,96.3,0.0,3.7,South America,Latin America & Caribbean
CPV,2025,96.771449046632,97.55367687173292,100.0,98.10837530612166,2,10.333333333333334,98.10837530612166,96.771449046632,4.0,97.55367687173292,109.0,100.0,1,184,0,0,184,100.0,0.0,0.0,Western Africa,Sub-Saharan Africa
CHL,2025,94.6182221299968,99.29459926259906,99.4723377337026,97.7950530420995,4,11.666666666666666,97.7950530420995,94.6182221299968,5.0,99.29459926259906,30.0,99.4723377337026,8,190,0,2,192,99.0,0.0,1.0,South America,Latin America & Caribbean
SUR,2025,94.45478546566652,99.60527386515032,99.73543150466143,97.93183027849275,3,11.333333333333334,97.93183027849275,94.45478546566652,6.0,99.60527386515032,17.0,99.73543150466143,4,190,0,1,191,99.5,0.0,0.5,South America,Latin America & Caribbean
SYC,2025,92.554647925987,97.766320495437,99.70440368896926,96.67512403679775,9,15.0,96.67512403679775,92.554647925987,7.0,97.766320495437,101.0,99.70440368896926,6,170,0,1,171,99.4,0.0,0.6,Eastern Africa,Sub-Saharan Africa
TCD,2025,92.26380328982904,99.3130773159028,98.90475942691984,96.82721334421724,8,21.666666666666668,96.82721334421724,92.26380328982904,8.0,99.3130773159028,28.0,98.90475942691984,32,182,0,4,186,97.8,0.0,2.2,Middle Africa,Sub-Saharan Africa
GMB,2025,92.23405378613676,98.914303751956,97.61438863174509,96.2542487232793,12,7.666666666666667,96.2542487232793,92.23405378613676,9.0,98.914303751956,46.0,97.61438863174509,61,165,0,8,173,95.4,0.0,4.6,Western Africa,Sub-Saharan Africa
TKM,2025,92.1915016342812,99.9541597807404,99.19360547406006,97.11308896302722,6,3.0,97.11308896302722,92.1915016342812,10.0,99.9541597807404,6.0,99.19360547406006,17,125,1,1,127,98.4,0.8,0.8,Central Asia,Central Asia
SOM,2025,91.89661785060748,98.15274173925012,99.25902223344796,96.4361272744352,10,13.0,96.4361272744352,91.89661785060748,11.0,98.15274173925012,84.0,99.25902223344796,16,135,0,2,137,98.5,0.0,1.5,Eastern Africa,Sub-Saharan Africa
JAM,2025,91.83813796519568,99.60027672977328,99.73119923882297,97.05653797793065,7,9.666666666666666,97.05653797793065,91.83813796519568,12.0,99.60027672977328,18.0,99.73119923882297,5,187,0,1,188,99.5,0.0,0.5,Caribbean,Latin America & Caribbean
BFA,2025,91.52813379729386,97.3622110306253,97.84735358487598,95.57923280426505,23,15.0,95.57923280426505,91.52813379729386,13.0,97.3622110306253,114.0,97.84735358487598,57,163,6,1,170,95.9,3.5,0.6,Western Africa,Sub-Saharan Africa
GHA,2025,91.34845594260732,99.6337094991478,97.89422461141,96.2921300177217,11,15.666666666666666,96.2921300177217,91.34845594260732,14.0,99.6337094991478,15.0,97.89422461141,53,164,0,7,171,95.9,0.0,4.1,Western Africa,Sub-Saharan Africa
MUS,2025,90.90278443972734,98.64411692289522,98.61973429742125,96.0555452200146,13,14.666666666666666,96.0555452200146,90.90278443972734,15.0,98.64411692289522,67.0,98.61973429742125,37,180,0,5,185,97.3,0.0,2.7,Eastern Africa,Sub-Saharan Africa
COL,2025,90.64362459348985,98.02838894059688,98.40062044828215,95.69087799412296,21,35.0,95.69087799412296,90.64362459348985,16.0,98.02838894059688,92.0,98.40062044828215,43,186,0,6,192,96.9,0.0,3.1,South America,Latin America & Caribbean
GUY,2025,90.5016285130228,98.6650031742836,98.93933865755218,96.0353234482862,14,19.333333333333332,96.0353234482862,90.5016285130228,17.0,98.6650031742836,63.0,98.93933865755218,27,188,0,4,192,97.9,0.0,2.1,South America,Latin America & Caribbean
DOM,2025,89.83494496207457,98.6449034595468,98.92232646116572,95.80072496092905,18,18.333333333333332,95.80072496092905,89.83494496207457,18.0,98.6449034595468,66.0,98.92232646116572,31,185,0,4,189,97.9,0.0,2.1,Caribbean,Latin America & Caribbean
ATG,2025,89.80737239590432,98.8888395113304,99.12880665352384,95.94167285358618,16,14.0,95.94167285358618,89.80737239590432,19.0,98.8888395113304,49.0,99.12880665352384,22,172,0,3,175,98.3,0.0,1.7,Caribbean,Latin America & Caribbean
CRI,2025,89.78924332491002,96.72650697687492,97.29786970137673,94.60454000105388,33,19.666666666666668,94.60454000105388,89.78924332491002,20.0,96.72650697687492,126.0,97.29786970137673,76,181,1,9,191,94.8,0.5,4.7,Central America,Latin America & Caribbean
BHS,2025,89.76496328179016,98.9449065653362,99.17626945123432,95.96204643278688,15,11.0,95.96204643278688,89.76496328179016,21.0,98.9449065653362,41.0,99.17626945123432,19,182,0,3,185,98.4,0.0,1.6,Caribbean,Latin America & Caribbean
MDV,2025,89.73588626220179,97.93773789111488,98.40170712363556,95.35844375898408,24,21.666666666666668,95.35844375898408,89.73588626220179,22.0,97.93773789111488,98.0,98.40170712363556,42,186,1,5,192,96.9,0.5,2.6,Southern Asia,Southern Asia
SLV,2025,89.63052077922876,96.18177790703886,96.83909058520376,94.21712975715714,39,38.0,94.21712975715714,89.63052077922876,23.0,96.18177790703886,135.0,96.83909058520376,93,170,0,11,181,93.9,0.0,6.1,Central America,Latin America & Caribbean
SLE,2025,89.58417541662858,98.9290353866888,98.84844377898416,95.7872181941005,19,11.333333333333334,95.7872181941005,89.58417541662858,24.0,98.9290353866888,44.0,98.84844377898416,33,173,0,4,177,97.7,0.0,2.3,Western Africa,Sub-Saharan Africa
TLS,2025,89.5447021466123,98.33841480796976,99.46392010101523,95.7823456851991,20,25.0,95.7823456851991,89.5447021466123,25.0,98.33841480796976,79.0,99.46392010101523,10,187,0,2,189,98.9,0.0,1.1,South-eastern Asia,South-eastern Asia
BLZ,2025,89.09640261510013,99.24532434333418,99.43061468993588,95.92411388279008,17,18.666666666666668,95.92411388279008,89.09640261510013,26.0,99.24532434333418,34.0,99.43061468993588,11,176,0,2,178,98.9,0.0,1.1,Central America,Latin America & Caribbean
BTN,2025,88.25447584306637,98.19626788417064,98.61212952823328,95.02095775182345,28,34.0,95.02095775182345,88.25447584306637,27.0,98.19626788417064,83.0,98.61212952823328,38,179,0,5,184,97.3,0.0,2.7,Southern Asia,Southern Asia
NPL,2025,87.99378532519616,99.30811646639,97.55481227970424,94.95223802376348,30,33.333333333333336,94.95223802376348,87.99378532519616,28.0,99.30811646639,29.0,97.55481227970424,65,181,0,9,190,95.3,0.0,4.7,Southern Asia,Southern Asia
LCA,2025,87.82696206728284,98.84558413877396,99.09219062355156,95.25491227653612,26,20.0,95.25491227653612,87.82696206728284,29.0,98.84558413877396,54.0,99.09219062355156,24,165,0,3,168,98.2,0.0,1.8,Caribbean,Latin America & Caribbean
MNG,2025,87.61416313032694,97.9691875371508,97.01004282901611,94.1977978321646,40,58.0,94.1977978321646,87.61416313032694,30.0,97.9691875371508,97.0,97.01004282901611,87,180,0,11,191,94.2,0.0,5.8,Eastern Asia,Eastern Asia
TTO,2025,87.452494605136,98.65167468045236,98.92805752956878,95.01074227171904,29,24.666666666666668,95.01074227171904,87.452494605136,31.0,98.65167468045236,65.0,98.92805752956878,30,186,0,4,190,97.9,0.0,2.1,Caribbean,Latin America & Caribbean
AZE,2025,87.38122479550513,98.09880861576612,99.68001074880156,95.05334805335762,27,36.0,95.05334805335762,87.38122479550513,32.0,98.09880861576612,86.0,99.68001074880156,7,157,0,1,158,99.4,0.0,0.6,Western Asia,Western Asia
BRB,2025,87.09954155114892,99.91762031666642,100.0,95.67238728927178,22,9.0,95.67238728927178,87.09954155114892,33.0,99.91762031666642,7.0,100.0,1,145,0,0,145,100.0,0.0,0.0,Caribbean,Latin America & Caribbean
BEN,2025,86.99898217837062,98.39031332519968,99.35810517170034,94.9158002250902,31,55.666666666666664,94.9158002250902,86.99898217837062,34.0,98.39031332519968,74.0,99.35810517170034,14,78,0,1,79,98.7,0.0,1.3,Western Africa,Sub-Saharan Africa
ZMB,2025,86.66581754830783,99.96581534953212,99.36617682959633,95.33260324247875,25,66.66666666666667,95.33260324247875,86.66581754830783,35.0,99.96581534953212,5.0,99.36617682959633,13,158,0,2,160,98.8,0.0,1.2,Eastern Africa,Sub-Saharan Africa
SEN,2025,86.47160413965429,98.9805392242952,98.3390895323866,94.59707763211202,34,32.666666666666664,94.59707763211202,86.47160413965429,36.0,98.9805392242952,39.0,98.3390895323866,45,179,0,6,185,96.8,0.0,3.2,Western Africa,Sub-Saharan Africa
MAR,2025,86.32831890538786,98.592086261406,98.5964868786221,94.50563068180531,36,40.666666666666664,94.50563068180531,86.32831890538786,37.0,98.592086261406,72.0,98.5964868786221,40,177,1,4,182,97.3,0.5,2.2,Northern Africa,Africa
MEX,2025,86.31413215355582,98.6650031742836,98.93933865755218,94.63949132846386,32,55.333333333333336,94.63949132846386,86.31413215355582,38.0,98.6650031742836,63.0,98.93933865755218,27,188,0,4,192,97.9,0.0,2.1,Central America,Latin America & Caribbean
KNA,2025,85.5854160171628,98.92322958908257,99.157918892252,94.55552149949912,35,30.666666666666668,94.55552149949912,85.5854160171628,39.0,98.92322958908257,45.0,99.157918892252,21,178,0,3,181,98.3,0.0,1.7,Caribbean,Latin America & Caribbean
KHM,2025,85.30348713871408,98.68305023876444,97.55481227970424,93.84711655239424,46,52.333333333333336,93.84711655239424,85.30348713871408,40.0,98.68305023876444,59.0,97.55481227970424,65,181,0,9,190,95.3,0.0,4.7,South-eastern Asia,South-eastern Asia
MYS,2025,85.22676073667029,99.35315129701704,98.1317216719306,94.23721123520598,38,30.666666666666668,94.23721123520598,85.22676073667029,41.0,99.35315129701704,22.0,98.1317216719306,46,185,1,6,192,96.4,0.5,3.1,South-eastern Asia,South-eastern Asia
THA,2025,85.10009478371165,99.02885219970676,98.40062044828215,94.17652247723352,41,34.333333333333336,94.17652247723352,85.10009478371165,42.0,99.02885219970676,35.0,98.40062044828215,43,186,0,6,192,96.9,0.0,3.1,South-eastern Asia,South-eastern Asia
HND,2025,84.96099155414848,98.87684125867288,99.11864992786732,94.31882758022957,37,66.33333333333333,94.31882758022957,84.96099155414848,43.0,98.87684125867288,52.0,99.11864992786732,23,170,0,3,173,98.3,0.0,1.7,Central America,Latin America & Caribbean
QAT,2025,84.73096454444652,98.88692897200876,97.30440274509364,93.6407654205163,48,46.0,93.6407654205163,84.73096454444652,44.0,98.88692897200876,50.0,97.30440274509364,75,182,0,10,192,94.8,0.0,5.2,Western Asia,Western Asia
BGD,2025,84.55064129991129,99.29411129188456,97.84879642381348,93.89784967186976,44,41.333333333333336,93.89784967186976,84.55064129991129,45.0,99.29411129188456,32.0,97.84879642381348,56,183,1,7,191,95.8,0.5,3.7,Southern Asia,Southern Asia
DJI,2025,84.45659315270903,98.61489807338268,98.59666562873836,93.8893856182767,45,52.666666666666664,93.8893856182767,84.45659315270903,46.0,98.61489807338268,68.0,98.59666562873836,39,177,0,5,182,97.3,0.0,2.7,Eastern Africa,Sub-Saharan Africa
HTI,2025,84.36128524989502,97.43743676786724,97.89868469042354,93.2324689027286,51,66.66666666666667,93.2324689027286,84.36128524989502,47.0,97.43743676786724,110.0,97.89868469042354,52,164,1,6,171,95.9,0.6,3.5,Caribbean,Latin America & Caribbean
VUT,2025,84.35907029783546,96.11939109976583,99.1625827753776,93.21368139099296,52,64.33333333333333,93.21368139099296,84.35907029783546,48.0,96.11939109976583,137.0,99.1625827753776,20,179,0,3,182,98.4,0.0,1.6,Melanesia,Oceania
TUN,2025,84.24234767270177,98.6671938528279,97.83728164766612,93.58227439106528,49,50.666666666666664,93.58227439106528,84.24234767270177,49.0,98.6671938528279,62.0,97.83728164766612,58,182,1,7,190,95.8,0.5,3.7,Northern Africa,Africa
JOR,2025,84.19676288941821,98.54532544193138,97.574169953042,93.43875276146385,50,61.666666666666664,93.43875276146385,84.19676288941821,50.0,98.54532544193138,73.0,97.574169953042,64,182,1,8,191,95.3,0.5,4.2,Western Asia,Western Asia
CIV,2025,83.81368142498414,96.37730828872914,97.8327008880198,92.67456353391104,63,70.33333333333333,92.67456353391104,83.81368142498414,51.0,96.37730828872914,130.0,97.8327008880198,59,182,0,8,190,95.8,0.0,4.2,Western Africa,Sub-Saharan Africa
MOZ,2025,83.58767876512465,98.98192674884632,96.92694940843528,93.16551830746876,55,55.0,93.16551830746876,83.58767876512465,52.0,98.98192674884632,38.0,96.92694940843528,89,175,0,11,186,94.1,0.0,5.9,Eastern Africa,Sub-Saharan Africa
SLB,2025,83.21054398192771,94.29617882808444,97.33926177588302,91.6153281952984,78,86.66666666666667,91.6153281952984,83.21054398192771,53.0,94.29617882808444,155.0,97.33926177588302,72,166,0,9,175,94.9,0.0,5.1,Melanesia,Oceania
ARE,2025,83.14578758038869,98.91327596824134,96.444843742551,92.834635763727,61,63.333333333333336,92.834635763727,83.14578758038869,54.0,98.91327596824134,47.0,96.444843742551,102,178,0,13,191,93.2,0.0,6.8,Western Asia,Western Asia
KWT,2025,82.91359687096914,99.5668645495526,96.75751249940272,93.0793246399748,56,62.666666666666664,93.0793246399748,82.91359687096914,55.0,99.5668645495526,20.0,96.75751249940272,95,180,1,11,192,93.8,0.5,5.7,Western Asia,Western Asia
GAB,2025,82.9027732456904,99.60591867737504,99.41745375485856,93.97538189264134,43,52.666666666666664,93.97538189264134,82.9027732456904,56.0,99.60591867737504,16.0,99.41745375485856,12,172,0,2,174,98.9,0.0,1.1,Middle Africa,Sub-Saharan Africa
GNB,2025,82.84135625919025,99.58924269378124,98.69143398768274,93.7073443135514,47,47.666666666666664,93.7073443135514,82.84135625919025,57.0,99.58924269378124,19.0,98.69143398768274,36,152,0,4,156,97.4,0.0,2.6,Western Africa,Sub-Saharan Africa
KEN,2025,82.82175502479878,98.60769792331384,97.40038020919732,92.9432777191033,58,50.333333333333336,92.9432777191033,82.82175502479878,58.0,98.60769792331384,69.0,97.40038020919732,71,170,0,9,179,95.0,0.0,5.0,Eastern Africa,Sub-Saharan Africa
COM,2025,82.79697347232464,97.70325027974184,99.0718879349541,93.19070389567354,54,90.33333333333331,93.19070389567354,82.79697347232464,59.0,97.70325027974184,103.0,99.0718879349541,25,162,1,2,165,98.2,0.6,1.2,Eastern Africa,Sub-Saharan Africa
URY,2025,82.54653719321145,99.91762031666642,100.0,94.15471916995928,42,69.33333333333333,94.15471916995928,82.54653719321145,60.0,99.91762031666642,7.0,100.0,1,190,0,0,190,100.0,0.0,0.0,South America,Latin America & Caribbean
SGP,2025,82.4091755550755,98.0557800261106,98.12899205084427,92.8646492106768,59,49.0,92.8646492106768,82.4091755550755,61.0,98.0557800261106,88.0,98.12899205084427,47,185,0,7,192,96.4,0.0,3.6,South-eastern Asia,South-eastern Asia
LBN,2025,82.10595963836182,98.2433487903969,97.3122700038344,92.55385947753103,64,78.33333333333333,92.55385947753103,82.10595963836182,62.0,98.2433487903969,82.0,97.3122700038344,73,182,1,9,192,94.8,0.5,4.7,Western Asia,Western Asia
NAM,2025,81.95623334332234,96.72923586641052,95.21280315269216,91.29942412080834,83,79.0,91.29942412080834,81.95623334332234,63.0,96.72923586641052,125.0,95.21280315269216,112,161,0,16,177,91.0,0.0,9.0,Southern Africa,Sub-Saharan Africa
GIN,2025,81.60572335216922,99.6399473945113,97.91909525070274,93.05492199912776,57,41.333333333333336,93.05492199912776,81.60572335216922,64.0,99.6399473945113,14.0,97.91909525070274,51,166,0,7,173,96.0,0.0,4.0,Western Africa,Sub-Saharan Africa
YEM,2025,81.51613029270183,98.60463964536376,96.4774271700419,92.1993990360358,67,50.666666666666664,92.1993990360358,81.51613029270183,65.0,98.60463964536376,70.0,96.4774271700419,101,179,1,12,192,93.2,0.5,6.2,Western Asia,Western Asia
AGO,2025,81.32003115138122,98.66801492106892,96.97735215411733,92.32179940885582,65,63.0,92.32179940885582,81.32003115138122,66.0,98.66801492106892,61.0,96.97735215411733,88,178,0,11,189,94.2,0.0,5.8,Middle Africa,Sub-Saharan Africa
ZAF,2025,81.27879419289393,98.04594453907998,97.3122700038344,92.21233624526944,66,78.66666666666667,92.21233624526944,81.27879419289393,67.0,98.04594453907998,89.0,97.3122700038344,73,182,1,9,192,94.8,0.5,4.7,Southern Africa,Sub-Saharan Africa
TUV,2025,81.05259198801394,97.17530030087504,96.7136533898178,91.64718189290228,76,90.33333333333331,91.64718189290228,81.05259198801394,68.0,97.17530030087504,118.0,96.7136533898178,97,133,1,8,142,93.7,0.7,5.6,Polynesia,Oceania
NER,2025,80.77147022466711,96.58370435818355,96.91072209313752,91.42196555866272,80,92.33333333333331,91.42196555866272,80.77147022466711,69.0,96.58370435818355,128.0,96.91072209313752,90,161,9,1,171,94.2,5.3,0.6,Western Africa,Sub-Saharan Africa
BWA,2025,80.66320265362508,100.0,97.85578193901166,92.83966153087891,60,65.33333333333333,92.83966153087891,80.66320265362508,70.0,100.0,1.0,97.85578193901166,55,138,0,6,144,95.8,0.0,4.2,Southern Africa,Sub-Saharan Africa
PHL,2025,80.42445884487253,99.02415706323286,98.93933865755218,92.7959848552192,62,81.0,92.7959848552192,80.42445884487253,71.0,99.02415706323286,36.0,98.93933865755218,27,188,0,4,192,97.9,0.0,2.1,South-eastern Asia,South-eastern Asia
UZB,2025,79.76732733346634,99.26470528421154,97.26766403294572,92.0998988835412,68,82.66666666666667,92.0998988835412,79.76732733346634,72.0,99.26470528421154,33.0,97.26766403294572,79,161,1,8,170,94.7,0.6,4.7,Central Asia,Central Asia
ECU,2025,79.72630824773334,95.30162064326755,96.09530914990984,90.37441268030358,92,75.66666666666667,90.37441268030358,79.72630824773334,73.0,95.30162064326755,145.0,96.09530914990984,104,174,0,14,188,92.6,0.0,7.4,South America,Latin America & Caribbean
BHR,2025,79.70008936825417,99.5476602152534,97.0261236901788,92.0912910912288,69,61.333333333333336,92.0912910912288,79.70008936825417,74.0,99.5476602152534,21.0,97.0261236901788,86,181,0,11,192,94.3,0.0,5.7,Western Asia,Western Asia
TZA,2025,79.65825467331679,98.8988617255224,97.2751933558155,91.94410325155155,70,64.66666666666667,91.94410325155155,79.65825467331679,75.0,98.8988617255224,48.0,97.2751933558155,77,162,0,9,171,94.7,0.0,5.3,Eastern Africa,Sub-Saharan Africa
GNQ,2025,79.59917466829097,98.05841451261352,97.44188566481144,91.69982494857196,75,71.66666666666667,91.69982494857196,79.59917466829097,76.0,98.05841451261352,87.0,97.44188566481144,70,153,3,5,161,95.0,1.9,3.1,Middle Africa,Sub-Saharan Africa
MRT,2025,79.26004240520108,98.99770974762409,97.52121467884508,91.9263222772234,71,56.0,91.9263222772234,79.26004240520108,77.0,98.99770974762409,37.0,97.52121467884508,68,178,1,8,187,95.2,0.5,4.3,Western Africa,Sub-Saharan Africa
GRD,2025,78.85845574829186,98.1233972348976,98.48100515962732,91.82095271427228,72,32.333333333333336,91.82095271427228,78.85845574829186,78.0,98.1233972348976,85.0,98.48100515962732,41,98,0,3,101,97.0,0.0,3.0,Caribbean,Latin America & Caribbean
KAZ,2025,78.7996130819262,99.32919667570977,97.23016980649848,91.78632652137814,73,73.66666666666667,91.78632652137814,78.7996130819262,79.0,99.32919667570977,26.0,97.23016980649848,80,177,0,10,187,94.7,0.0,5.3,Central Asia,Central Asia
NGA,2025,78.36767126447836,97.65323120696064,96.76698196055791,90.92929481066564,86,85.33333333333333,90.92929481066564,78.36767126447836,80.0,97.65323120696064,107.0,96.76698196055791,94,151,0,10,161,93.8,0.0,6.2,Western Africa,Sub-Saharan Africa
LKA,2025,78.20043124271356,99.65814317614844,97.03577417340414,91.6314495307554,77,82.0,91.6314495307554,78.20043124271356,81.0,99.65814317614844,12.0,97.03577417340414,84,181,1,10,192,94.3,0.5,5.2,Southern Asia,Southern Asia
EGY,2025,78.17675045357859,97.96993919451658,95.28609920141604,90.4775962831704,90,82.33333333333333,90.4775962831704,78.17675045357859,82.0,97.96993919451658,96.0,95.28609920141604,111,173,1,16,190,91.1,0.5,8.4,Northern Africa,Africa
MWI,2025,77.98460119086215,97.11274816264086,99.00233370936276,91.36656102095526,81,93.33333333333331,91.36656102095526,77.98460119086215,83.0,97.11274816264086,120.0,99.00233370936276,26,150,0,3,153,98.0,0.0,2.0,Eastern Africa,Sub-Saharan Africa
LBY,2025,77.6750629876918,99.3212927150986,96.6496489816064,91.21533489479894,84,60.0,91.21533489479894,77.6750629876918,84.0,99.3212927150986,27.0,96.6496489816064,98,174,1,11,186,93.5,0.5,5.9,Northern Africa,Africa
LSO,2025,77.58376083163364,98.93855285988565,97.95531740710692,91.49254369954208,79,57.333333333333336,91.49254369954208,77.58376083163364,85.0,98.93855285988565,42.0,97.95531740710692,50,169,0,7,176,96.0,0.0,4.0,Southern Africa,Sub-Saharan Africa
VNM,2025,77.44457671704755,98.02189849668756,97.54797867920792,91.00481796431434,85,78.66666666666667,91.00481796431434,77.44457671704755,86.0,98.02189849668756,93.0,97.54797867920792,67,180,1,8,189,95.2,0.5,4.2,South-eastern Asia,South-eastern Asia
KGZ,2025,76.9422903042979,99.66057585976704,97.47293213947124,91.35859943451209,82,83.66666666666667,91.35859943451209,76.9422903042979,87.0,99.66057585976704,11.0,97.47293213947124,69,175,0,9,184,95.1,0.0,4.9,Central Asia,Central Asia
GTM,2025,76.53033716860749,99.29459926259906,99.4723377337026,91.76575805496972,74,91.33333333333331,91.76575805496972,76.53033716860749,88.0,99.29459926259906,30.0,99.4723377337026,8,190,0,2,192,99.0,0.0,1.0,Central America,Latin America & Caribbean
WSM,2025,76.47978386771103,93.33779879552472,92.58305684476488,87.46687983600022,108,73.0,87.46687983600022,76.47978386771103,89.0,93.33779879552472,161.0,92.58305684476488,124,121,0,19,140,86.4,0.0,13.6,Polynesia,Oceania
TJK,2025,76.45391388241079,98.9717090280542,96.88589886797058,90.77050725947852,89,82.33333333333333,90.77050725947852,76.45391388241079,90.0,98.9717090280542,40.0,96.88589886797058,92,172,1,10,183,94.0,0.5,5.5,Central Asia,Central Asia
IDN,2025,76.42195235842709,98.37816805318812,97.5899235411015,90.79668131757224,88,87.33333333333333,90.79668131757224,76.42195235842709,91.0,98.37816805318812,76.0,97.5899235411015,62,183,2,7,192,95.3,1.0,3.6,South-eastern Asia,South-eastern Asia
PAN,2025,75.95730180398512,94.0010790859644,94.99673736133671,88.31837275042875,106,89.66666666666667,88.31837275042875,75.95730180398512,92.0,94.0010790859644,158.0,94.99673736133671,113,173,0,18,191,90.6,0.0,9.4,Central America,Latin America & Caribbean
COD,2025,75.64948701287754,96.37495455499295,96.62457360503048,89.54967172430032,98,56.333333333333336,89.54967172430032,75.64948701287754,93.0,96.37495455499295,131.0,96.62457360503048,99,130,0,9,139,93.5,0.0,6.5,Middle Africa,Sub-Saharan Africa
COG,2025,75.52904374689751,98.85958778232988,98.12234742180736,90.83699298367826,87,93.0,90.83699298367826,75.52904374689751,94.0,98.85958778232988,53.0,98.12234742180736,48,158,0,6,164,96.3,0.0,3.7,Middle Africa,Sub-Saharan Africa
ERI,2025,75.39318335467526,97.8868439678707,97.71316859505804,90.331065305868,93,101.0,90.331065305868,75.39318335467526,95.0,97.8868439678707,99.0,97.71316859505804,60,173,5,3,181,95.6,2.8,1.7,Eastern Africa,Sub-Saharan Africa
KIR,2025,75.35252890581476,96.16307182988844,97.03409924981544,89.51656666183955,100,105.66666666666669,89.51656666183955,75.35252890581476,96.0,96.16307182988844,136.0,97.03409924981544,85,66,0,4,70,94.3,0.0,5.7,Micronesia,Oceania
OMN,2025,75.0783277942179,98.9359407200845,96.4873690173587,90.16721251055372,94,94.0,90.16721251055372,75.0783277942179,97.0,98.9359407200845,43.0,96.4873690173587,100,179,2,11,192,93.2,1.0,5.7,Western Asia,Western Asia
SAU,2025,75.00789069888214,96.96170050460296,94.39860767316604,88.78939962555039,103,108.0,88.78939962555039,75.00789069888214,98.0,96.96170050460296,123.0,94.39860767316604,114,170,1,19,190,89.5,0.5,10.0,Western Asia,Western Asia
DZA,2025,74.96969350308532,98.68635440403416,96.20726042738154,89.95443611150034,96,84.0,89.95443611150034,74.96969350308532,99.0,98.68635440403416,58.0,96.20726042738154,103,178,2,12,192,92.7,1.0,6.2,Northern Africa,Africa
NOR,2025,74.90526411332003,97.69430933801956,88.64019907548206,87.07992417560722,110,116.0,87.07992417560722,74.90526411332003,100.0,97.69430933801956,104.0,88.64019907548206,148,152,18,22,192,79.2,9.4,11.5,Northern Europe,Northern Europe
BRN,2025,74.80784163040673,98.70301653275548,97.86137660937317,90.45741159084513,91,65.0,90.45741159084513,74.80784163040673,101.0,98.70301653275548,55.0,97.86137660937317,54,184,2,6,192,95.8,1.0,3.1,South-eastern Asia,South-eastern Asia
BEL,2025,74.70507229218956,98.69767672026448,88.31472022716596,87.23915641320666,109,114.66666666666669,87.23915641320666,74.70507229218956,102.0,98.69767672026448,56.0,88.31472022716596,153,151,21,20,192,78.6,10.9,10.4,Western Europe,Western Europe
UGA,2025,74.33556042252555,98.28983904085143,96.89240036205727,89.8392666084781,97,90.33333333333331,89.8392666084781,74.33556042252555,103.0,98.28983904085143,81.0,96.89240036205727,91,173,0,11,184,94.0,0.0,6.0,Eastern Africa,Sub-Saharan Africa
ZWE,2025,74.2567427826792,95.87327887971624,95.70475443922606,88.61159203387383,104,108.66666666666669,88.61159203387383,74.2567427826792,104.0,95.87327887971624,140.0,95.70475443922606,107,167,3,12,182,91.8,1.6,6.6,Eastern Africa,Sub-Saharan Africa
IRQ,2025,74.20136550733632,98.88007532040784,97.27345490934866,90.11829857903092,95,95.33333333333331,90.11829857903092,74.20136550733632,105.0,98.88007532040784,51.0,97.27345490934866,78,179,2,8,189,94.7,1.1,4.2,Western Asia,Western Asia
BRA,2025,73.97749119482957,97.05928732032164,97.58093696118856,89.53923849211326,99,105.66666666666669,89.53923849211326,73.97749119482957,106.0,97.05928732032164,121.0,97.58093696118856,63,183,0,9,192,95.3,0.0,4.7,South America,Latin America & Caribbean
ARM,2025,73.79817897107648,90.91475581333638,93.45609082728228,86.05634187056505,121,144.0,86.05634187056505,73.79817897107648,107.0,90.91475581333638,170.0,93.45609082728228,118,158,2,20,180,87.8,1.1,11.1,Western Asia,Western Asia
IRL,2025,73.57939893170828,95.65879129943252,90.48030514922532,86.57283179345536,114,117.0,86.57283179345536,73.57939893170828,108.0,95.65879129943252,142.0,90.48030514922532,137,158,15,19,192,82.3,7.8,9.9,Northern Europe,Northern Europe
JPN,2025,72.70649911515915,90.47198339510646,89.83655857509373,84.33834702845311,148,154.66666666666666,84.33834702845311,72.70649911515915,109.0,90.47198339510646,171.0,89.83655857509373,141,156,12,24,192,81.2,6.2,12.5,Eastern Asia,Eastern Asia
PRT,2025,72.25600823363011,99.98715906838828,88.6329614240234,86.95870957534726,111,118.0,86.95870957534726,72.25600823363011,110.0,99.98715906838828,3.0,88.6329614240234,149,152,20,20,192,79.2,10.4,10.4,Southern Europe,Southern Europe
VCT,2025,72.18340824883718,96.07168812434458,96.7460429614794,88.33371311155372,105,54.0,88.33371311155372,72.18340824883718,111.0,96.07168812434458,138.0,96.7460429614794,96,15,0,1,16,93.8,0.0,6.2,Caribbean,Latin America & Caribbean
NZL,2025,72.02610652105888,89.72499906748415,91.36467379932228,84.37192646262177,146,145.33333333333334,84.37192646262177,72.02610652105888,112.0,89.72499906748415,173.0,91.36467379932228,128,161,16,15,192,83.9,8.3,7.8,Australia and New Zealand,Oceania
LAO,2025,71.9845254827917,97.65526883490304,97.23016980649848,88.95665470806439,102,86.66666666666667,88.95665470806439,71.9845254827917,113.0,97.65526883490304,106.0,97.23016980649848,80,177,0,10,187,94.7,0.0,5.3,South-eastern Asia,South-eastern Asia
KOR,2025,71.9396057301385,87.48513801299671,87.62003642841906,82.34826005718475,161,171.66666666666666,82.34826005718475,71.9396057301385,114.0,87.48513801299671,178.0,87.62003642841906,163,148,19,24,191,77.5,9.9,12.6,Eastern Asia,Eastern Asia
LIE,2025,71.89884473684606,95.05967713291284,91.0698510315044,86.00945763375444,125,122.66666666666669,86.00945763375444,71.89884473684606,115.0,95.05967713291284,147.0,91.0698510315044,132,160,12,20,192,83.3,6.2,10.4,Western Europe,Western Europe
FIN,2025,71.80009077059155,98.36531130179144,87.99313439397304,86.05284548878535,122,138.0,86.05284548878535,71.80009077059155,116.0,98.36531130179144,77.0,87.99313439397304,159,150,22,20,192,78.1,11.5,10.4,Northern Europe,Northern Europe
IND,2025,71.7844553700437,92.7633272921827,91.22349376704044,85.25709214308894,135,136.33333333333334,85.25709214308894,71.7844553700437,117.0,92.7633272921827,165.0,91.22349376704044,129,161,5,26,192,83.9,2.6,13.5,Southern Asia,Southern Asia
SWE,2025,71.52058493091495,99.99998816261468,87.6811285819068,86.40056722514548,118,138.66666666666666,86.40056722514548,71.52058493091495,118.0,99.99998816261468,2.0,87.6811285819068,161,149,22,21,192,77.6,11.5,10.9,Northern Europe,Northern Europe
SMR,2025,71.51021087494298,96.3641258198916,91.07931474224736,86.31788381236065,119,122.0,86.31788381236065,71.51021087494298,119.0,96.3641258198916,132.0,91.07931474224736,130,160,14,18,192,83.3,7.3,9.4,Southern Europe,Southern Europe
GRC,2025,71.42868977050446,98.03576586535478,88.31472022716596,85.92639195434174,128,130.0,85.92639195434174,71.42868977050446,120.0,98.03576586535478,90.0,88.31472022716596,153,151,21,20,192,78.6,10.9,10.4,Southern Europe,Southern Europe
SRB,2025,71.39428527629745,89.59370170160828,89.70454943894717,83.56417880561763,156,163.33333333333334,83.56417880561763,71.39428527629745,121.0,89.59370170160828,174.0,89.70454943894717,142,139,6,26,171,81.3,3.5,15.2,Southern Europe,Southern Europe
LVA,2025,71.23074764808358,97.37579627975438,86.06150875874977,84.88935089552923,139,137.0,84.88935089552923,71.23074764808358,122.0,97.37579627975438,112.0,86.06150875874977,171,144,24,24,192,75.0,12.5,12.5,Northern Europe,Northern Europe
CYP,2025,71.04716738007049,86.02057572330634,91.07931474224736,82.71568594854139,160,164.0,82.71568594854139,71.04716738007049,123.0,86.02057572330634,180.0,91.07931474224736,130,160,14,18,192,83.3,7.3,9.4,Western Asia,Western Asia
AND,2025,71.04063784352127,96.34339888690918,90.67055274092064,86.01819649045036,124,119.0,86.01819649045036,71.04063784352127,124.0,96.34339888690918,133.0,90.67055274092064,135,157,13,20,190,82.6,6.8,10.5,Southern Europe,Southern Europe
SVN,2025,70.95151134637273,99.65380022271196,88.93981944486954,86.51504367131808,115,128.0,86.51504367131808,70.95151134637273,125.0,99.65380022271196,13.0,88.93981944486954,146,153,20,19,192,79.7,10.4,9.9,Southern Europe,Southern Europe
ESP,2025,70.68551546285791,99.33876788949053,88.6329614240234,86.21908159212394,120,130.66666666666666,86.21908159212394,70.68551546285791,126.0,99.33876788949053,24.0,88.6329614240234,149,152,20,20,192,79.2,10.4,10.4,Southern Europe,Southern Europe
NLD,2025,70.59945523951237,98.03354257751552,88.19061384488961,85.60787055397252,131,143.0,85.60787055397252,70.59945523951237,127.0,98.03354257751552,91.0,88.19061384488961,157,149,19,22,190,78.4,10.0,11.6,Western Europe,Western Europe
EST,2025,70.52617535446224,98.35078022944556,86.3140290902149,85.06366155804089,137,140.66666666666666,85.06366155804089,70.52617535446224,128.0,98.35078022944556,78.0,86.3140290902149,170,144,23,24,191,75.4,12.0,12.6,Northern Europe,Northern Europe
LUX,2025,70.402085010053,99.34606789916226,88.31472022716596,86.02095771212707,123,126.66666666666669,86.02095771212707,70.402085010053,129.0,99.34606789916226,23.0,88.31472022716596,153,151,21,20,192,78.6,10.9,10.4,Western Europe,Western Europe
ETH,2025,70.39243491403688,94.84326689236644,94.30634216976378,86.51401465872236,116,107.0,86.51401465872236,70.39243491403688,130.0,94.84326689236644,149.0,94.30634216976378,116,168,0,20,188,89.4,0.0,10.6,Eastern Africa,Sub-Saharan Africa
NIC,2025,70.14625557712571,92.33649826329405,93.55985900218536,85.34753761420171,134,132.0,85.34753761420171,70.14625557712571,131.0,92.33649826329405,166.0,93.55985900218536,117,153,15,6,174,87.9,8.6,3.4,Central America,Latin America & Caribbean
DNK,2025,70.05248479422549,99.67409521405874,87.6811285819068,85.80256953006368,130,135.66666666666666,85.80256953006368,70.05248479422549,132.0,99.67409521405874,9.0,87.6811285819068,161,149,22,21,192,77.6,11.5,10.9,Northern Europe,Northern Europe
MNE,2025,69.93332657385628,99.66890104797014,88.32294670502318,85.97505810894988,126,128.0,85.97505810894988,69.93332657385628,133.0,99.66890104797014,10.0,88.32294670502318,152,151,20,21,192,78.6,10.4,10.9,Southern Europe,Southern Europe
BIH,2025,69.84930707269814,97.3798472899666,88.87160048494803,85.3669182825376,133,143.0,85.3669182825376,69.84930707269814,134.0,97.3798472899666,111.0,88.87160048494803,147,152,15,24,191,79.6,7.9,12.6,Southern Europe,Southern Europe
CUB,2025,69.70109942471512,95.03021681161336,95.85346156392404,86.86159260008418,112,110.33333333333331,86.86159260008418,69.70109942471512,135.0,95.03021681161336,148.0,95.85346156392404,106,173,7,8,188,92.0,3.7,4.3,Caribbean,Latin America & Caribbean
TUR,2025,69.60238970041337,85.9581538561622,89.32564605285131,81.62872986980896,167,171.0,81.62872986980896,69.60238970041337,136.0,85.9581538561622,181.0,89.32564605285131,144,151,16,21,188,80.3,8.5,11.2,Western Asia,Western Asia
ISL,2025,69.30951803748115,98.01220409511608,88.25793535262653,85.19321916174125,136,136.0,85.19321916174125,69.30951803748115,137.0,98.01220409511608,94.0,88.25793535262653,156,150,18,23,191,78.5,9.4,12.0,Northern Europe,Northern Europe
MLT,2025,69.24922871197352,96.64995503731048,91.6702546095498,85.8564794529446,129,119.66666666666669,85.8564794529446,69.24922871197352,138.0,96.64995503731048,127.0,91.6702546095498,126,162,14,16,192,84.4,7.3,8.3,Southern Europe,Southern Europe
MCO,2025,69.22779351326517,99.33107003781696,87.72583372266223,85.42823242458145,132,141.0,85.42823242458145,69.22779351326517,139.0,99.33107003781696,25.0,87.72583372266223,160,146,20,22,188,77.7,10.6,11.7,Western Europe,Western Europe
TGO,2025,69.08738360201556,95.89030388347636,94.37054692042436,86.44941146863876,117,123.0,86.44941146863876,69.08738360201556,140.0,95.89030388347636,139.0,94.37054692042436,115,170,0,20,190,89.5,0.0,10.5,Western Africa,Sub-Saharan Africa
RWA,2025,69.04399918347376,97.77359834664698,97.22507495077969,88.01422416030015,107,104.66666666666669,88.01422416030015,69.04399918347376,141.0,97.77359834664698,100.0,97.22507495077969,82,159,0,9,168,94.6,0.0,5.4,Eastern Africa,Sub-Saharan Africa
AUT,2025,69.02573876426118,95.12115792707644,89.87440750186653,84.67376806440139,143,149.33333333333334,84.67376806440139,69.02573876426118,142.0,95.12115792707644,146.0,89.87440750186653,140,156,16,20,192,81.2,8.3,10.4,Western Europe,Western Europe
DEU,2025,68.9720790045068,97.7045598569602,87.35502523943754,84.67722136696817,142,151.33333333333334,84.67722136696817,68.9720790045068,143.0,97.7045598569602,102.0,87.35502523943754,165,148,23,21,192,77.1,12.0,10.9,Western Europe,Western Europe
ITA,2025,68.89529333729726,98.69365763171572,87.37298020860275,84.98731039253857,138,149.0,84.98731039253857,68.89529333729726,144.0,98.69365763171572,57.0,87.37298020860275,164,148,20,24,192,77.1,10.4,12.5,Southern Europe,Southern Europe
MDA,2025,68.46954962422875,96.50673178722752,89.5029975181208,84.82642630985902,140,136.66666666666666,84.82642630985902,68.46954962422875,145.0,96.50673178722752,129.0,89.5029975181208,143,154,15,22,191,80.6,7.9,11.5,Eastern Europe,Eastern Europe
CHE,2025,68.45394317664788,93.40173951078587,91.04370042525116,84.29979437089497,149,137.66666666666666,84.29979437089497,68.45394317664788,146.0,93.40173951078587,160.0,91.04370042525116,133,160,10,22,192,83.3,5.2,11.5,Western Europe,Western Europe
BGR,2025,68.41797840955444,97.28932710988605,84.96463308385165,83.55731286776404,157,151.66666666666666,83.55731286776404,68.41797840955444,147.0,97.28932710988605,117.0,84.96463308385165,177,140,22,29,191,73.3,11.5,15.2,Eastern Europe,Eastern Europe
SWZ,2025,68.14496392676915,99.98579219692706,98.78601994131496,88.97225868833705,101,64.33333333333333,88.97225868833705,68.14496392676915,148.0,99.98579219692706,4.0,98.78601994131496,34,82,0,2,84,97.6,0.0,2.4,Southern Africa,Sub-Saharan Africa
LTU,2025,68.13481248831496,97.34907971940586,85.40023238687054,83.62804153153046,154,156.0,83.62804153153046,68.13481248831496,149.0,97.34907971940586,115.0,85.40023238687054,174,142,24,26,192,74.0,12.5,13.5,Northern Europe,Northern Europe
ALB,2025,68.04947585793906,94.14155790438411,84.02512063505907,82.07205146579408,164,161.66666666666666,82.07205146579408,68.04947585793906,150.0,94.14155790438411,156.0,84.02512063505907,181,136,20,33,189,72.0,10.6,17.5,Southern Europe,Southern Europe
ROU,2025,68.01325651382213,98.66942749646968,85.73281672207679,84.13850024412287,151,156.0,84.13850024412287,68.01325651382213,151.0,98.66942749646968,60.0,85.73281672207679,172,143,24,25,192,74.5,12.5,13.0,Eastern Europe,Eastern Europe
SVK,2025,67.88212482128992,97.9834916324544,86.9706593858264,84.27875861319025,150,151.66666666666666,84.27875861319025,67.88212482128992,152.0,97.9834916324544,95.0,86.9706593858264,168,146,22,23,191,76.4,11.5,12.0,Eastern Europe,Eastern Europe
HRV,2025,67.49214284211457,97.36800187369246,87.03853761202394,83.96622744261033,152,156.66666666666666,83.96622744261033,67.49214284211457,153.0,97.36800187369246,113.0,87.03853761202394,167,147,23,22,192,76.6,12.0,11.5,Southern Europe,Southern Europe
UKR,2025,67.0062107148359,95.87281822358038,83.98881036376606,82.28927976739412,162,169.0,82.28927976739412,67.0062107148359,154.0,95.87281822358038,141.0,83.98881036376606,182,135,25,28,188,71.8,13.3,14.9,Eastern Europe,Eastern Europe
MHL,2025,66.65727779507469,90.04524202814552,90.12153034808588,82.27468339043536,163,159.0,82.27468339043536,66.65727779507469,155.0,90.04524202814552,172.0,90.12153034808588,139,148,10,23,181,81.8,5.5,12.7,Micronesia,Oceania
POL,2025,66.49743912250428,98.33656357575212,85.73281672207679,83.52227314011105,158,153.0,83.52227314011105,66.49743912250428,156.0,98.33656357575212,80.0,85.73281672207679,172,143,24,25,192,74.5,12.5,13.0,Eastern Europe,Eastern Europe
PAK,2025,66.32355176934652,94.84254026231748,92.93798204672215,84.70135802612872,141,129.0,84.70135802612872,66.32355176934652,157.0,94.84254026231748,150.0,92.93798204672215,123,165,3,22,190,86.8,1.6,11.6,Southern Asia,Southern Asia
HUN,2025,66.29734122442508,92.08677594984204,81.47062912941634,79.95158210122783,174,172.33333333333334,79.95158210122783,66.29734122442508,158.0,92.08677594984204,167.0,81.47062912941634,185,131,33,28,192,68.2,17.2,14.6,Eastern Europe,Eastern Europe
AUS,2025,66.05664129511304,87.30084001898267,88.6329614240234,80.66348091270636,169,178.0,80.66348091270636,66.05664129511304,159.0,87.30084001898267,179.0,88.6329614240234,149,152,20,20,192,79.2,10.4,10.4,Australia and New Zealand,Oceania
GEO,2025,65.67177678957617,80.12488347268638,84.13547691918644,76.64404572714966,180,185.66666666666663,76.64404572714966,65.67177678957617,160.0,80.12488347268638,184.0,84.13547691918644,180,133,11,39,183,72.7,6.0,21.3,Western Asia,Western Asia
SDN,2025,65.35995608065618,96.9699356212586,95.59096663571248,85.97361944587574,127,126.66666666666669,85.97361944587574,65.35995608065618,161.0,96.9699356212586,122.0,95.59096663571248,109,173,8,8,189,91.5,4.2,4.2,Northern Africa,Africa
CMR,2025,64.2987766646169,93.13394975721208,93.3089958780552,83.5805740999614,155,145.0,83.5805740999614,64.2987766646169,162.0,93.13394975721208,163.0,93.3089958780552,121,149,0,21,170,87.6,0.0,12.4,Middle Africa,Sub-Saharan Africa
CZE,2025,64.19000135488781,96.30908162107966,84.37963627805759,81.62623975134169,168,166.33333333333334,81.62623975134169,64.19000135488781,163.0,96.30908162107966,134.0,84.37963627805759,179,139,25,28,192,72.4,13.0,14.6,Eastern Europe,Eastern Europe
IRN,2025,64.17633987381787,95.45022709855466,93.4076338560906,84.3447336094877,147,145.66666666666666,84.3447336094877,64.17633987381787,164.0,95.45022709855466,144.0,93.4076338560906,119,162,5,18,185,87.6,2.7,9.7,Southern Asia,Southern Asia
NRU,2025,63.342323822830686,84.21262751199548,78.76197851669461,75.4389766171736,183,181.33333333333337,75.4389766171736,63.342323822830686,165.0,84.21262751199548,182.0,78.76197851669461,186,37,15,4,56,66.1,26.8,7.1,Micronesia,Oceania
BOL,2025,63.250776774319704,98.38527262682808,98.6921370434208,86.77606214818952,113,106.0,86.77606214818952,63.250776774319704,166.0,98.38527262682808,75.0,98.6921370434208,35,39,1,0,40,97.5,2.5,0.0,South America,Latin America & Caribbean
CHN,2025,63.09077672454289,97.15200962171753,93.10283338244604,84.44853990956881,145,130.0,84.44853990956881,63.09077672454289,167.0,97.15200962171753,119.0,93.10283338244604,122,167,7,18,192,87.0,3.6,9.4,Eastern Asia,Eastern Asia
GBR,2025,62.99908763563707,93.00892265018618,84.93154115761926,80.31318381448084,171,175.66666666666666,80.31318381448084,62.99908763563707,168.0,93.00892265018618,164.0,84.93154115761926,178,141,31,20,192,73.4,16.1,10.4,Northern Europe,Northern Europe
FRA,2025,61.708363137154656,94.65657180716696,85.34545633288798,80.57013042573654,170,167.66666666666666,80.57013042573654,61.708363137154656,169.0,94.65657180716696,153.0,85.34545633288798,175,142,28,22,192,74.0,14.6,11.5,Western Europe,Western Europe
BLR,2025,61.476108979234745,78.96857006026146,91.01970737156684,77.15479547035436,179,182.0,77.15479547035436,61.476108979234745,170.0,78.96857006026146,185.0,91.01970737156684,134,159,12,20,191,83.2,6.3,10.5,Eastern Europe,Eastern Europe
FSM,2025,60.929216417916386,89.4000800191897,86.35034836541654,78.8932149341742,176,181.66666666666663,78.8932149341742,60.929216417916386,171.0,89.4000800191897,175.0,86.35034836541654,169,120,27,11,158,75.9,17.1,7.0,Micronesia,Oceania
DMA,2025,60.65718556330089,94.72304406902602,95.60652319474713,83.66225094235801,153,132.33333333333334,83.66225094235801,60.65718556330089,172.0,94.72304406902602,151.0,95.60652319474713,108,44,0,4,48,91.7,0.0,8.3,Caribbean,Latin America & Caribbean
CAN,2025,60.59912146833135,83.93945849528878,87.35502523943754,77.29786840101922,178,165.33333333333334,77.29786840101922,60.59912146833135,173.0,83.93945849528878,183.0,87.35502523943754,165,148,23,21,192,77.1,12.0,10.9,Northern America,Northern America
MLI,2025,60.08553783641413,96.7864171605716,97.08980242161246,84.65391913953273,144,153.33333333333334,84.65391913953273,60.08553783641413,174.0,96.7864171605716,124.0,97.08980242161246,83,170,8,2,180,94.4,4.4,1.1,Western Africa,Sub-Saharan Africa
PNG,2025,59.67689914073372,94.70228543155746,91.42182044946928,81.9336683405868,166,158.0,81.9336683405868,59.67689914073372,175.0,94.70228543155746,152.0,91.42182044946928,127,152,16,13,181,84.0,8.8,7.2,Melanesia,Oceania
ISR,2025,59.54097469129566,0.0,12.869464659018757,24.13681311677147,190,190.66666666666663,24.13681311677147,59.54097469129566,176.0,0.0,191.0,12.869464659018757,190,20,98,27,145,13.8,67.6,18.6,Western Asia,Western Asia
RUS,2025,59.03201439871789,77.89876629559215,85.25155227603578,74.06077765678195,184,187.0,74.06077765678195,59.03201439871789,177.0,77.89876629559215,187.0,85.25155227603578,176,142,31,19,192,74.0,16.1,9.9,Eastern Europe,Eastern Europe
PRK,2025,57.69193882298998,92.01206269649904,88.18383542221132,79.29594564723344,175,173.66666666666666,79.29594564723344,57.69193882298998,178.0,92.01206269649904,168.0,88.18383542221132,158,142,21,18,181,78.5,11.6,9.9,Eastern Asia,Eastern Asia
BDI,2025,57.65300093469261,95.54228566035484,96.00939305935098,83.06822655146614,159,136.33333333333334,83.06822655146614,57.65300093469261,179.0,95.54228566035484,143.0,96.00939305935098,105,157,8,5,170,92.4,4.7,2.9,Eastern Africa,Sub-Saharan Africa
CAF,2025,53.66316945278043,93.95709892219752,93.31102936358118,80.31043257951971,172,157.33333333333334,80.31043257951971,53.66316945278043,180.0,93.95709892219752,159.0,93.31102936358118,120,138,6,14,158,87.3,3.8,8.9,Middle Africa,Sub-Saharan Africa
SYR,2025,51.91883139638871,98.59763481172936,95.49485462245224,82.0037736101901,165,164.0,82.0037736101901,51.91883139638871,181.0,98.59763481172936,71.0,95.49485462245224,110,85,1,7,93,91.4,1.1,7.5,Western Asia,Western Asia
MKD,2025,51.334885180228824,94.07914909496914,83.26114694714128,76.2250604074464,182,180.66666666666663,76.2250604074464,51.334885180228824,182.0,94.07914909496914,157.0,83.26114694714128,183,133,24,31,188,70.7,12.8,16.5,Southern Europe,Southern Europe
MDG,2025,51.27309318021549,78.304647346,83.12207935506096,70.89993996042547,186,128.33333333333334,70.89993996042547,51.27309318021549,183.0,78.304647346,186.0,83.12207935506096,184,8,0,3,11,72.7,0.0,27.3,Eastern Africa,Sub-Saharan Africa
PLW,2025,50.22998887669935,93.16509092709867,90.18241878807392,77.85916619729063,177,176.0,77.85916619729063,50.22998887669935,184.0,93.16509092709867,162.0,90.18241878807392,138,142,22,9,173,82.1,12.7,5.2,Micronesia,Oceania
FJI,2025,48.88596858343967,91.13604181362192,88.99329107488488,76.33843382398216,181,158.33333333333334,76.33843382398216,48.88596858343967,185.0,91.13604181362192,169.0,88.99329107488488,145,148,9,28,185,80.0,4.9,15.1,Melanesia,Oceania
PRY,2025,46.71355263927356,69.3043764417649,74.1971814580782,63.40503684637222,187,152.66666666666666,63.40503684637222,46.71355263927356,186.0,69.3043764417649,189.0,74.1971814580782,188,113,29,49,191,59.2,15.2,25.7,South America,Latin America & Caribbean
USA,2025,45.21322006625293,88.40973321663834,0.0,44.54098442763043,189,187.33333333333337,44.54098442763043,45.21322006625293,187.0,88.40973321663834,177.0,0.0,191,10,174,8,192,5.2,90.6,4.2,Northern America,Northern America
LBR,2025,43.66990552645172,97.5875091565376,99.35399174447404,80.20380214248779,173,176.33333333333334,80.20380214248779,43.66990552645172,188.0,97.5875091565376,108.0,99.35399174447404,15,155,0,2,157,98.7,0.0,1.3,Western Africa,Sub-Saharan Africa
SSD,2025,36.61905855324833,71.84205483494507,76.231850465116,61.56432128443647,188,189.66666666666663,61.56432128443647,36.61905855324833,189.0,71.84205483494507,188.0,76.231850465116,187,36,1,19,56,64.3,1.8,33.9,Eastern Africa,Sub-Saharan Africa
TON,2025,29.404877692988084,94.50931799575687,92.05546748227007,71.98988772367169,185,179.66666666666666,71.98988772367169,29.404877692988084,190.0,94.50931799575687,154.0,92.05546748227007,125,148,12,14,174,85.1,6.9,8.0,Polynesia,Oceania
ARG,2025,0.0,21.220943687945116,32.78599214878528,18.0023119455768,191,140.33333333333334,18.0023119455768,0.0,191.0,21.220943687945116,190.0,32.78599214878528,189,42,84,29,155,27.1,54.2,18.7,South America,Latin America & Caribbean
